{
  "count": 1,
  "value": [
    {
      "variables": {
        "adminPassword": {
          "value": null,
          "isSecret": true
        },
        "location": {
          "value": "westeurope"
        },
        "resourceGroupName": {
          "value": "demo-iac-rg"
        },
        "retentionDays": {
          "value": "7"
        },
        "vmNames": {
          "value": "\"vmalz02\",\"vmazladdition\""
        }
      },
      "id": "3",
      "type": "Vsts",
      "name": "Customer Variable Group",
      "isShared": false
    }
  ]
}