{
  "Extensions": [
    {
      "extensionName": "Azure Pipelines Terraform Tasks",
      "link": "<a href='https://marketplace.visualstudio.com/items?itemName=charleszipp.azure-pipelines-tasks-terraform' target='_blank'><b>Azure Pipelines Terraform Tasks</b></a>",
      "publisherId": "charleszipp",
      "extensionId": "azure-pipelines-tasks-terraform",
      "publisherName": "Charles Zipp",
      "License": "<a href='https://marketplace.visualstudio.com/items?itemName=charleszipp.azure-pipelines-tasks-terraform' target='_blank'>License Terms</a>"
    },
    {
      "extensionName": "Terraform",
      "link": "<a href='https://marketplace.visualstudio.com/items?itemName=ms-devlabs.custom-terraform-tasks' target='_blank'><b>Terraform</b></a>",
      "publisherId": "ms-devlabs",
      "extensionId": "custom-terraform-tasks",
      "publisherName": "Microsoft DevLabs",
      "License": "<a href='https://marketplace.visualstudio.com/items?itemName=ms-devlabs.custom-terraform-tasks' target='_blank'>License Terms</a>"
    },
    {
      "extensionName": "WhiteSource for Azure DevOps Server",
      "link": "<a href='https://marketplace.visualstudio.com/items?itemName=whitesource.whitesource' target='_blank'><b>WhiteSource for Azure DevOps Server</b></a>",
      "publisherId": "whitesource",
      "extensionId": "whitesource",
      "publisherName": "WhiteSource",
      "License": "<a href='https://marketplace.visualstudio.com/items?itemName=whitesource.whitesource' target='_blank'>License Terms</a>"
    },
    {
      "extensionName": "WhiteSource Bolt",
      "link": "<a href='https://marketplace.visualstudio.com/items?itemName=whitesource.ws-bolt' target='_blank'><b>WhiteSource Bolt</b></a>",
      "publisherId": "whitesource",
      "extensionId": "ws-bolt",
      "publisherName": "WhiteSource",
      "License": "<a href='https://marketplace.visualstudio.com/items?itemName=whitesource.ws-bolt' target='_blank'>License Terms</a>"
    }
  ]
}