{
  "count": 6,
  "value": [
    {
      "id": 13,
      "rev": 1,
      "fields": {
        "System.AreaPath": "Template IaC Automation",
        "System.TeamProject": "Template IaC Automation",
        "System.IterationPath": "Template IaC Automation",
        "System.WorkItemType": "Task",
        "System.State": "New",
        "System.Reason": "New",
        "System.CreatedDate": "2024-06-23T10:19:11.11Z",
        "System.CreatedBy": "Victor Herrera <victor.herrera@live-outdoors.org>",
        "System.ChangedDate": "2024-06-26T22:19:12.553Z",
        "System.ChangedBy": "Victor Herrera <victor.herrera@live-outdoors.org>",
        "System.Title": "1 - Provide an overview of Azure DevOps",
        "Microsoft.VSTS.Scheduling.Effort": 0.0,
        "System.Description": "<div>Provide an overview of Azure DevOps </div>",
        "System.AssignedTo": null,
        "Microsoft.VSTS.Scheduling.RemainingWork": 0.0,
        "Microsoft.VSTS.Common.Priority": 2.0,
        "System.BoardLane": null,
        "System.Tags": null,
        "Microsoft.VSTS.TCM.Steps": null,
        "Microsoft.VSTS.TCM.Parameters": null,
        "Microsoft.VSTS.TCM.LocalDataSource": null,
        "Microsoft.VSTS.TCM.AutomationStatus": null,
        "System.History": null
      },
      "relations": null,
      "url": "https://dev.azure.com/IaC-Kickstarter/_apis/wit/workItems/13"
    },
    {
      "id": 14,
      "rev": 1,
      "fields": {
        "System.AreaPath": "Template IaC Automation",
        "System.TeamProject": "Template IaC Automation",
        "System.IterationPath": "Template IaC Automation",
        "System.WorkItemType": "Task",
        "System.State": "New",
        "System.Reason": "New",
        "System.CreatedDate": "2024-06-24T10:19:12.12Z",
        "System.CreatedBy": "Victor Herrera <victor.herrera@live-outdoors.org>",
        "System.ChangedDate": "2024-06-26T22:19:12.86Z",
        "System.ChangedBy": "Victor Herrera <victor.herrera@live-outdoors.org>",
        "System.Title": "3 - Deploy Foundational Landing Zone",
        "Microsoft.VSTS.Scheduling.Effort": 0.0,
        "System.Description": "3 - Deploy Foundational Landing Zone",
        "System.AssignedTo": null,
        "Microsoft.VSTS.Scheduling.RemainingWork": 0.0,
        "Microsoft.VSTS.Common.Priority": 2.0,
        "System.BoardLane": null,
        "System.Tags": null,
        "Microsoft.VSTS.TCM.Steps": null,
        "Microsoft.VSTS.TCM.Parameters": null,
        "Microsoft.VSTS.TCM.LocalDataSource": null,
        "Microsoft.VSTS.TCM.AutomationStatus": null,
        "System.History": null
      },
      "relations": null,
      "url": "https://dev.azure.com/IaC-Kickstarter/_apis/wit/workItems/14"
    },
    {
      "id": 15,
      "rev": 1,
      "fields": {
        "System.AreaPath": "Template IaC Automation",
        "System.TeamProject": "Template IaC Automation",
        "System.IterationPath": "Template IaC Automation",
        "System.WorkItemType": "Task",
        "System.State": "New",
        "System.Reason": "New",
        "System.CreatedDate": "2024-06-24T10:19:12.12Z",
        "System.CreatedBy": "Victor Herrera <victor.herrera@live-outdoors.org>",
        "System.ChangedDate": "2024-06-26T22:19:13.137Z",
        "System.ChangedBy": "Victor Herrera <victor.herrera@live-outdoors.org>",
        "System.Title": "4 - Validate Foundational Landing Zone Deployment",
        "Microsoft.VSTS.Scheduling.Effort": 0.0,
        "System.Description": "4 - Validate Foundational Landing Zone Deployment",
        "System.AssignedTo": null,
        "Microsoft.VSTS.Scheduling.RemainingWork": 0.0,
        "Microsoft.VSTS.Common.Priority": 2.0,
        "System.BoardLane": null,
        "System.Tags": null,
        "Microsoft.VSTS.TCM.Steps": null,
        "Microsoft.VSTS.TCM.Parameters": null,
        "Microsoft.VSTS.TCM.LocalDataSource": null,
        "Microsoft.VSTS.TCM.AutomationStatus": null,
        "System.History": null
      },
      "relations": null,
      "url": "https://dev.azure.com/IaC-Kickstarter/_apis/wit/workItems/15"
    },
    {
      "id": 16,
      "rev": 1,
      "fields": {
        "System.AreaPath": "Template IaC Automation",
        "System.TeamProject": "Template IaC Automation",
        "System.IterationPath": "Template IaC Automation",
        "System.WorkItemType": "Task",
        "System.State": "New",
        "System.Reason": "New",
        "System.CreatedDate": "2024-06-24T10:19:13.13Z",
        "System.CreatedBy": "Victor Herrera <victor.herrera@live-outdoors.org>",
        "System.ChangedDate": "2024-06-26T22:19:13.417Z",
        "System.ChangedBy": "Victor Herrera <victor.herrera@live-outdoors.org>",
        "System.Title": "5 - Update Foundational Landing Zone Documentation",
        "Microsoft.VSTS.Scheduling.Effort": 0.0,
        "System.Description": "5 - Update Foundational Landing Zone Documentation",
        "System.AssignedTo": null,
        "Microsoft.VSTS.Scheduling.RemainingWork": 0.0,
        "Microsoft.VSTS.Common.Priority": 2.0,
        "System.BoardLane": null,
        "System.Tags": null,
        "Microsoft.VSTS.TCM.Steps": null,
        "Microsoft.VSTS.TCM.Parameters": null,
        "Microsoft.VSTS.TCM.LocalDataSource": null,
        "Microsoft.VSTS.TCM.AutomationStatus": null,
        "System.History": null
      },
      "relations": null,
      "url": "https://dev.azure.com/IaC-Kickstarter/_apis/wit/workItems/16"
    },
    {
      "id": 17,
      "rev": 1,
      "fields": {
        "System.AreaPath": "Template IaC Automation",
        "System.TeamProject": "Template IaC Automation",
        "System.IterationPath": "Template IaC Automation",
        "System.WorkItemType": "Task",
        "System.State": "New",
        "System.Reason": "New",
        "System.CreatedDate": "2024-06-24T10:19:13.13Z",
        "System.CreatedBy": "Victor Herrera <victor.herrera@live-outdoors.org>",
        "System.ChangedDate": "2024-06-26T22:19:14.06Z",
        "System.ChangedBy": "Victor Herrera <victor.herrera@live-outdoors.org>",
        "System.Title": "2 - Connect Foundational Landing Zone Subscription to Azure DevOps",
        "Microsoft.VSTS.Scheduling.Effort": 0.0,
        "System.Description": "2 - Connect Foundational Landing Zone Subscription to Azure DevOps",
        "System.AssignedTo": null,
        "Microsoft.VSTS.Scheduling.RemainingWork": 0.0,
        "Microsoft.VSTS.Common.Priority": 2.0,
        "System.BoardLane": null,
        "System.Tags": null,
        "Microsoft.VSTS.TCM.Steps": null,
        "Microsoft.VSTS.TCM.Parameters": null,
        "Microsoft.VSTS.TCM.LocalDataSource": null,
        "Microsoft.VSTS.TCM.AutomationStatus": null,
        "System.History": null
      },
      "relations": null,
      "url": "https://dev.azure.com/IaC-Kickstarter/_apis/wit/workItems/17"
    },
    {
      "id": 18,
      "rev": 1,
      "fields": {
        "System.AreaPath": "Template IaC Automation",
        "System.TeamProject": "Template IaC Automation",
        "System.IterationPath": "Template IaC Automation",
        "System.WorkItemType": "Task",
        "System.State": "New",
        "System.Reason": "New",
        "System.CreatedDate": "2024-06-23T10:19:14.14Z",
        "System.CreatedBy": "Victor Herrera <victor.herrera@live-outdoors.org>",
        "System.ChangedDate": "2024-06-26T22:19:14.673Z",
        "System.ChangedBy": "Victor Herrera <victor.herrera@live-outdoors.org>",
        "System.Title": "6 - Customer Sign Off for IaC Kickstarter Project",
        "Microsoft.VSTS.Scheduling.Effort": 0.0,
        "System.Description": "6 - Customer Sign Off for IaC Kickstarter Project",
        "System.AssignedTo": null,
        "Microsoft.VSTS.Scheduling.RemainingWork": 0.0,
        "Microsoft.VSTS.Common.Priority": 2.0,
        "System.BoardLane": null,
        "System.Tags": null,
        "Microsoft.VSTS.TCM.Steps": null,
        "Microsoft.VSTS.TCM.Parameters": null,
        "Microsoft.VSTS.TCM.LocalDataSource": null,
        "Microsoft.VSTS.TCM.AutomationStatus": null,
        "System.History": null
      },
      "relations": null,
      "url": "https://dev.azure.com/IaC-Kickstarter/_apis/wit/workItems/18"
    }
  ],
  "HttpStatusCode": 0,
  "Message": null
}