{
  "data": {
    "environment": "AzureCloud",
    "subscriptionId": "0b2f278d-3c46-4206-bf57-816ce7fcd000",
    "subscriptionName": "Azure Essentials Subscription 1",
    "scopeLevel": "Subscription"
  },
  "name": "IaCAutomation-SubAzureEssentials",
  "type": "azurerm",
  "url": "https://management.azure.com/",
  "authorization": {
    "parameters": {
      "tenantId": "0f0ed639-fe3d-4e06-9b34-5338414bfa4b",
      "servicePrincipalId": "b8a1f827-61df-4eff-83cb-bb88718ba17e",
      "authenticationType": "spnKey",
      "servicePrincipalKey": "spnKey"
    },
    "scheme": "ServicePrincipal"
  },
  "isShared": false,
  "isReady": true,
  "owner": "Library"
}