{
  "options": [
    {
      "enabled": false,
      "definition": {
        "id": "5d58cc01-7c75-450c-be18-a388ddb129ec"
      },
      "inputs": {
        "branchFilters": "[\"+refs/heads/*\"]",
        "additionalFields": "{}"
      }
    },
    {
      "enabled": false,
      "definition": {
        "id": "a9db38f9-9fdc-478c-b0f9-464221e58316"
      },
      "inputs": {
        "workItemType": "Bug",
        "assignToRequestor": "true",
        "additionalFields": "{}"
      }
    },
    {
      "enabled": false,
      "definition": {
        "id": "57578776-4c22-4526-aeb0-86b6da17ee9c"
      },
      "inputs": {}
    }
  ],
  "properties": {},
  "tags": [],
  "_links": "{}",
  "jobAuthorizationScope": "projectCollection",
  "jobTimeoutInMinutes": 60,
  "jobCancelTimeoutInMinutes": 5,
  "process": {
    "yamlFilename": "azure-pipelines-remove-snapshot.yml",
    "type": 2
  },
  "repository": {
    "properties": {
      "cloneUrl": "https://$Organization$@dev.azure.com/$Organization$/$ProjectName$/_git/SoftwareOne%20Foundational%20Landing%20Zone",
      "fullName": "SoftwareOne Foundational Landing Zone",
      "defaultBranch": "refs/heads/main",
      "isFork": "False",
      "safeRepository": "$SoftwareOne Foundational Landing Zone$",
      "reportBuildStatus": "true",
      "fetchDepth": "1",
      "cleanOptions": "0",
      "gitLfsSupport": "false",
      "skipSyncSource": "false",
      "checkoutNestedSubmodules": "false",
      "labelSources": "0",
      "labelSourcesFormat": "$(build.buildNumber)"
    },
    "id": "$SoftwareOne Foundational Landing Zone$",
    "type": "TfsGit",
    "name": "SoftwareOne Foundational Landing Zone",
    "url": "https://$Organization$@dev.azure.com/$Organization$/$ProjectName$/_git/SoftwareOne%20Foundational%20Landing%20Zone",
    "defaultBranch": "refs/heads/main",
    "clean": null,
    "checkoutSubmodules": false
  },
  "quality": "definition",
  "authoredBy": "{}",
  "drafts": [],
  "queue": {
    "_links": {
      "self": {
        "href": "https://dev.azure.com/$Organization$/_apis/build/Queues/$Azure Pipelines$"
      }
    },
    "id": "$Azure Pipelines$",
    "name": "Azure Pipelines",
    "url": "https://dev.azure.com/$Organization$/_apis/build/Queues/$Azure Pipelines$",
    "pool": {
      "id": "",
      "name": "Azure Pipelines",
      "isHosted": true
    }
  },
  "id": "",
  "name": "SoftwareOne Remove Snapshot",
  "url": "",
  "uri": "",
  "path": "\\",
  "type": "build",
  "queueStatus": "enabled",
  "revision": 3,
  "createdDate": "",
  "project": "{}"
}